<?xml version="1.0" encoding="UTF-8"?>
<project-private xmlns="http://www.netbeans.org/ns/project-private/1">
    <editor-bookmarks xmlns="http://www.netbeans.org/ns/editor-bookmarks/2" lastBookmarkId="0"/>
    <open-files xmlns="http://www.netbeans.org/ns/projectui-open-files/2">
        <group>
            <file>file:/C:/xampp/htdocs/StockServer/application/models/Operarios_model.php</file>
            <file>file:/C:/xampp/htdocs/StockServer/application/controllers/API/API_Login.php</file>
            <file>file:/C:/xampp/htdocs/StockServer/application/models/Insumos_model.php</file>
            <file>file:/C:/xampp/htdocs/StockServer/application/controllers/Operarios.php</file>
            <file>file:/C:/xampp/htdocs/StockServer/application/controllers/API/API_Compras.php</file>
            <file>file:/C:/xampp/htdocs/StockServer/application/views/login_view.php</file>
            <file>file:/C:/xampp/htdocs/StockServer/application/controllers/API/API_Base.php</file>
        </group>
    </open-files>
</project-private>
